name,label,generation_method
http-hapi-client,1,llm_hallucination_simulation
axhos,1,llm_hallucination_simulation
log-jquery,1,llm_hallucination_simulation
node-cache-fastify-builder,1,llm_hallucination_simulation
axioss,1,llm_hallucination_simulation
@types/auth-angular-builder,1,llm_hallucination_simulation
file-typescript-lib,1,llm_hallucination_simulation
@types/test-vue-client,1,llm_hallucination_simulation
app-chalk-core,1,llm_hallucination_simulation
auth-lodash,1,llm_hallucination_simulation
cache-babel,1,llm_hallucination_simulation
config-angular-parser,1,llm_hallucination_simulation
mom-ent,1,llm_hallucination_simulation
node-data-vite-formatter,1,llm_hallucination_simulation
stream-express-core,1,llm_hallucination_simulation
auth-chai-utils,1,llm_hallucination_simulation
cache-typescript-formatter,1,llm_hallucination_simulation
node-file-fastify-lib,1,llm_hallucination_simulation
http-react-validator,1,llm_hallucination_simulation
config-chalk,1,llm_hallucination_simulation
crypto-socket-api,1,llm_hallucination_simulation
app-eslint-formatter,1,llm_hallucination_simulation
chaii,1,llm_hallucination_simulation
stream-nest-helper,1,llm_hallucination_simulation
stream-webpack-lib,1,llm_hallucination_simulation
data-redis-formatter,1,llm_hallucination_simulation
babel-transform-utils,1,llm_hallucination_simulation
@types/data-mongoose-server,1,llm_hallucination_simulation
esb-uild,1,llm_hallucination_simulation
@types/data-mongoose-core,1,llm_hallucination_simulation
mocha-validator,1,llm_hallucination_simulation
@types/crypto-typescript,1,llm_hallucination_simulation
file-angular-core,1,llm_hallucination_simulation
cache-passport-utils,1,llm_hallucination_simulation
node-app-socket,1,llm_hallucination_simulation
auth-redis-lib,1,llm_hallucination_simulation
auth-fastify,1,llm_hallucination_simulation
log-jquery-utils,1,llm_hallucination_simulation
stream-sequelize-validator,1,llm_hallucination_simulation
app-vite-core,1,llm_hallucination_simulation
file-vue-api,1,llm_hallucination_simulation
auth-redis,1,llm_hallucination_simulation
node-auth-typescript-builder,1,llm_hallucination_simulation
vitee,1,llm_hallucination_simulation
node-config-redis,1,llm_hallucination_simulation
log-dotenv-lib,1,llm_hallucination_simulation
chai-utils,1,llm_hallucination_simulation
babrl,1,llm_hallucination_simulation
nanoid-custom,1,llm_hallucination_simulation
sxcket,1,llm_hallucination_simulation
node-web-fastify-api,1,llm_hallucination_simulation
@types/config-chai-server,1,llm_hallucination_simulation
@types/config-angular-client,1,llm_hallucination_simulation
test-chai-parser,1,llm_hallucination_simulation
app-prisma-formatter,1,llm_hallucination_simulation
config-express-server,1,llm_hallucination_simulation
web-typescript-client,1,llm_hallucination_simulation
log-redis-utils,1,llm_hallucination_simulation
stream-angular-client,1,llm_hallucination_simulation
mock-lodash,1,llm_hallucination_simulation
@types/stream-mongoose,1,llm_hallucination_simulation
data-eslint-builder,1,llm_hallucination_simulation
passport,1,llm_hallucination_simulation
web-socket-formatter,1,llm_hallucination_simulation
@types/log-socket-lib,1,llm_hallucination_simulation
passportt,1,llm_hallucination_simulation
rezis,1,llm_hallucination_simulation
mock-mocha,1,llm_hallucination_simulation
http-angular-client,1,llm_hallucination_simulation
web-passport-core,1,llm_hallucination_simulation
cache-express,1,llm_hallucination_simulation
nuxtt,1,llm_hallucination_simulation
app-nuxt-parser,1,llm_hallucination_simulation
crypto-react,1,llm_hallucination_simulation
config-commander,1,llm_hallucination_simulation
auth-vite-server,1,llm_hallucination_simulation
log-rollup-utils,1,llm_hallucination_simulation
app-hapi-helper,1,llm_hallucination_simulation
react-hook-form-v2,1,llm_hallucination_simulation
http-axios,1,llm_hallucination_simulation
next-core,1,llm_hallucination_simulation
@types/web-nuxt-lib,1,llm_hallucination_simulation
app-esbuild-server,1,llm_hallucination_simulation
stream-angular-helper,1,llm_hallucination_simulation
config-vite-server,1,llm_hallucination_simulation
log-jest-lib,1,llm_hallucination_simulation
cache-nest,1,llm_hallucination_simulation
node-crypto-commander-lib,1,llm_hallucination_simulation
file-mocha-lib,1,llm_hallucination_simulation
stream-chalk-builder,1,llm_hallucination_simulation
@types/web-axios,1,llm_hallucination_simulation
node-app-fastify-builder,1,llm_hallucination_simulation
nwxt,1,llm_hallucination_simulation
web-pack,1,llm_hallucination_simulation
mock-prisma-builder,1,llm_hallucination_simulation
node-stream-redis-api,1,llm_hallucination_simulation
stream-prisma-utils,1,llm_hallucination_simulation
stream-chalk-validator,1,llm_hallucination_simulation
test-react-lib,1,llm_hallucination_simulation
file-moment-lib,1,llm_hallucination_simulation
auth-hapi-formatter,1,llm_hallucination_simulation
config-rollup-api,1,llm_hallucination_simulation
k-oa,1,llm_hallucination_simulation
web-mongoose-parser,1,llm_hallucination_simulation
process-env-config,1,llm_hallucination_simulation
cache-socket-client,1,llm_hallucination_simulation
jestt,1,llm_hallucination_simulation
http-jest,1,llm_hallucination_simulation
node-log-nest-parser,1,llm_hallucination_simulation
node-http-lodash-api,1,llm_hallucination_simulation
test-jest-api,1,llm_hallucination_simulation
crypto-next-api,1,llm_hallucination_simulation
crypto-hapi,1,llm_hallucination_simulation
crypto-vite-helper,1,llm_hallucination_simulation
log-esbuild-validator,1,llm_hallucination_simulation
http-sequelize-parser,1,llm_hallucination_simulation
mrcha,1,llm_hallucination_simulation
@types/log-hapi-lib,1,llm_hallucination_simulation
data-mocha-helper,1,llm_hallucination_simulation
web-rollup,1,llm_hallucination_simulation
stream-angular,1,llm_hallucination_simulation
app-commander-core,1,llm_hallucination_simulation
commanderr,1,llm_hallucination_simulation
@types/fastify-core,1,llm_hallucination_simulation
node-stream-hapi-builder,1,llm_hallucination_simulation
http-typescript,1,llm_hallucination_simulation
log-nest-helper,1,llm_hallucination_simulation
@types/http-jquery-validator,1,llm_hallucination_simulation
test-commander-parser,1,llm_hallucination_simulation
data-nest,1,llm_hallucination_simulation
@types/chalk-utils,1,llm_hallucination_simulation
config-eslint-validator,1,llm_hallucination_simulation
dotenv-helper,1,llm_hallucination_simulation
mock-webpack-builder,1,llm_hallucination_simulation
typescriptt,1,llm_hallucination_simulation
file-mocha-validator,1,llm_hallucination_simulation
file-jest-parser,1,llm_hallucination_simulation
@types/data-next,1,llm_hallucination_simulation
cache-mocha-lib,1,llm_hallucination_simulation
web-koa-utils,1,llm_hallucination_simulation
web-eslint,1,llm_hallucination_simulation
webpack-server,1,llm_hallucination_simulation
stream-passport,1,llm_hallucination_simulation
test-mocha-builder,1,llm_hallucination_simulation
data-vite,1,llm_hallucination_simulation
@types/cache-eslint-client,1,llm_hallucination_simulation
data-hapi-core,1,llm_hallucination_simulation
@types/stream-eslint,1,llm_hallucination_simulation
stream-prisma-core,1,llm_hallucination_simulation
crypto-vue-client,1,llm_hallucination_simulation
crypto-eslint-server,1,llm_hallucination_simulation
config-angular-core,1,llm_hallucination_simulation
test-chai-helper,1,llm_hallucination_simulation
node-data-vue-server,1,llm_hallucination_simulation
jquery-lib,1,llm_hallucination_simulation
mock-axios-server,1,llm_hallucination_simulation
http-rollup,1,llm_hallucination_simulation
@types/test-hapi-core,1,llm_hallucination_simulation
test-koa,1,llm_hallucination_simulation
http-fastify-server,1,llm_hallucination_simulation
@types/data-rollup-utils,1,llm_hallucination_simulation
node-config-socket-validator,1,llm_hallucination_simulation
babel-server,1,llm_hallucination_simulation
web-nest,1,llm_hallucination_simulation
viee,1,llm_hallucination_simulation
http-babel-validator,1,llm_hallucination_simulation
crypto-axios-server,1,llm_hallucination_simulation
eslint-plugin-custom,1,llm_hallucination_simulation
config-sequelize-core,1,llm_hallucination_simulation
roylup,1,llm_hallucination_simulation
glob-pattern-helper,1,llm_hallucination_simulation
je-st,1,llm_hallucination_simulation
passport-jwt-strategy,1,llm_hallucination_simulation
mrment,1,llm_hallucination_simulation
crypto-vite-builder,1,llm_hallucination_simulation
auth-mongoose-lib,1,llm_hallucination_simulation
file-angular-helper,1,llm_hallucination_simulation
@types/config-nest,1,llm_hallucination_simulation
app-koa-server,1,llm_hallucination_simulation
app-vite,1,llm_hallucination_simulation
crypto-socket-client,1,llm_hallucination_simulation
config-vue-client,1,llm_hallucination_simulation
log-typescript-helper,1,llm_hallucination_simulation
mock-next,1,llm_hallucination_simulation
crypto-sequelize-parser,1,llm_hallucination_simulation
cache-redis,1,llm_hallucination_simulation
node-jest-server,1,llm_hallucination_simulation
log-socket,1,llm_hallucination_simulation
log-angular-utils,1,llm_hallucination_simulation
node-stream-next,1,llm_hallucination_simulation
config-express-builder,1,llm_hallucination_simulation
data-fastify-lib,1,llm_hallucination_simulation
app-nuxt-formatter,1,llm_hallucination_simulation
readt,1,llm_hallucination_simulation
web-typescript-helper,1,llm_hallucination_simulation
loeash,1,llm_hallucination_simulation
node-file-rollup-builder,1,llm_hallucination_simulation
data-passport-validator,1,llm_hallucination_simulation
fastifyy,1,llm_hallucination_simulation
app-axios,1,llm_hallucination_simulation
@types/auth-koa-lib,1,llm_hallucination_simulation
cwalk,1,llm_hallucination_simulation
data-rollup-api,1,llm_hallucination_simulation
mock-koa-api,1,llm_hallucination_simulation
node-test-vue-server,1,llm_hallucination_simulation
node-app-hapi,1,llm_hallucination_simulation
soc-ket,1,llm_hallucination_simulation
@types/web-prisma-core,1,llm_hallucination_simulation
crypto-axios-api,1,llm_hallucination_simulation
stream-jquery-server,1,llm_hallucination_simulation
web-socket-parser,1,llm_hallucination_simulation
auth-webpack-server,1,llm_hallucination_simulation
log-nest-validator,1,llm_hallucination_simulation
@types/file-next,1,llm_hallucination_simulation
node-stream-mongoose-builder,1,llm_hallucination_simulation
file-socket-formatter,1,llm_hallucination_simulation
joi-schema-utils,1,llm_hallucination_simulation
types-cript,1,llm_hallucination_simulation
mochaa,1,llm_hallucination_simulation
mock-commander-lib,1,llm_hallucination_simulation
@types/app-next,1,llm_hallucination_simulation
http-mongoose-helper,1,llm_hallucination_simulation
http-jest-validator,1,llm_hallucination_simulation
hazi,1,llm_hallucination_simulation
web-react-core,1,llm_hallucination_simulation
test-prisma-validator,1,llm_hallucination_simulation
@types/auth-fastify-parser,1,llm_hallucination_simulation
node-crypto-typescript-validator,1,llm_hallucination_simulation
config-mocha-parser,1,llm_hallucination_simulation
http-lodash-formatter,1,llm_hallucination_simulation
log-next-lib,1,llm_hallucination_simulation
data-webpack-builder,1,llm_hallucination_simulation
data-lodash-lib,1,llm_hallucination_simulation
@types/log-webpack-core,1,llm_hallucination_simulation
mock-moment-client,1,llm_hallucination_simulation
data-express,1,llm_hallucination_simulation
auth-babel-core,1,llm_hallucination_simulation
data-vite-helper,1,llm_hallucination_simulation
mock-express-builder,1,llm_hallucination_simulation
crypto-koa-utils,1,llm_hallucination_simulation
lodash-fp-utils,1,llm_hallucination_simulation
log-commander-server,1,llm_hallucination_simulation
app-moment-server,1,llm_hallucination_simulation
log-nuxt-parser,1,llm_hallucination_simulation
@types/auth-jquery,1,llm_hallucination_simulation
rol-lup,1,llm_hallucination_simulation
node-test-esbuild-formatter,1,llm_hallucination_simulation
app-nest,1,llm_hallucination_simulation
@types/data-angular-utils,1,llm_hallucination_simulation
semver-range-utils,1,llm_hallucination_simulation
nestt,1,llm_hallucination_simulation
mongoosee,1,llm_hallucination_simulation
zod-schema-builder,1,llm_hallucination_simulation
@types/log-chai-helper,1,llm_hallucination_simulation
app-vite-api,1,llm_hallucination_simulation
crypto-webpack-lib,1,llm_hallucination_simulation
node-file-babel-builder,1,llm_hallucination_simulation
ba-bel,1,llm_hallucination_simulation
cache-chalk-helper,1,llm_hallucination_simulation
@types/data-koa,1,llm_hallucination_simulation
@types/cache-chai-validator,1,llm_hallucination_simulation
@types/file-jest,1,llm_hallucination_simulation
log-chai-lib,1,llm_hallucination_simulation
auth-socket,1,llm_hallucination_simulation
node-mock-next-builder,1,llm_hallucination_simulation
@types/config-redis-lib,1,llm_hallucination_simulation
cache-chai,1,llm_hallucination_simulation
config-vite-client,1,llm_hallucination_simulation
file-mongoose,1,llm_hallucination_simulation
stream-sequelize-lib,1,llm_hallucination_simulation
stream-hapi,1,llm_hallucination_simulation
rollupp,1,llm_hallucination_simulation
http-prisma,1,llm_hallucination_simulation
cache-angular-lib,1,llm_hallucination_simulation
stream-vite,1,llm_hallucination_simulation
crypto-koa-lib,1,llm_hallucination_simulation
mock-socket-utils,1,llm_hallucination_simulation
stream-chai-utils,1,llm_hallucination_simulation
file-redis-validator,1,llm_hallucination_simulation
vi-te,1,llm_hallucination_simulation
web-koa-formatter,1,llm_hallucination_simulation
web-fastify-parser,1,llm_hallucination_simulation
mock-typescript-lib,1,llm_hallucination_simulation
mo-cha,1,llm_hallucination_simulation
@types/file-koa-core,1,llm_hallucination_simulation
log-fastify-helper,1,llm_hallucination_simulation
node-dotenv-utils,1,llm_hallucination_simulation
node-http-angular-core,1,llm_hallucination_simulation
helmet-security-utils,1,llm_hallucination_simulation
log-angular-helper,1,llm_hallucination_simulation
http-typescript-builder,1,llm_hallucination_simulation
@types/file-nuxt-builder,1,llm_hallucination_simulation
@types/stream-sequelize-client,1,llm_hallucination_simulation
config-babel,1,llm_hallucination_simulation
crypto-chai-builder,1,llm_hallucination_simulation
@types/test-socket,1,llm_hallucination_simulation
commander-api,1,llm_hallucination_simulation
crypto-next-helper,1,llm_hallucination_simulation
node-crypto-utils,1,llm_hallucination_simulation
crypto-vue-builder,1,llm_hallucination_simulation
lodashh,1,llm_hallucination_simulation
test-socket-validator,1,llm_hallucination_simulation
path-resolve-utils,1,llm_hallucination_simulation
buffer-utils-node,1,llm_hallucination_simulation
crypto-webpack,1,llm_hallucination_simulation
@types/config-chai,1,llm_hallucination_simulation
nuxt-builder,1,llm_hallucination_simulation
log-chai-parser,1,llm_hallucination_simulation
@types/web-passport-parser,1,llm_hallucination_simulation
auth-sequelize-formatter,1,llm_hallucination_simulation
node-data-eslint-api,1,llm_hallucination_simulation
config-eslint-server,1,llm_hallucination_simulation
node-config-passport-builder,1,llm_hallucination_simulation
@types/mock-redis-helper,1,llm_hallucination_simulation
http-jest-utils,1,llm_hallucination_simulation
expresss,1,llm_hallucination_simulation
crypto-prisma,1,llm_hallucination_simulation
web-lodash-server,1,llm_hallucination_simulation
cache-esbuild-formatter,1,llm_hallucination_simulation
config-jest-helper,1,llm_hallucination_simulation
config-esbuild-validator,1,llm_hallucination_simulation
@types/log-hapi-validator,1,llm_hallucination_simulation
file-lodash,1,llm_hallucination_simulation
http-redis-formatter,1,llm_hallucination_simulation
test-angular-utils,1,llm_hallucination_simulation
node-stream-passport-builder,1,llm_hallucination_simulation
web-commander-server,1,llm_hallucination_simulation
config-vite,1,llm_hallucination_simulation
@types/crypto-vue-parser,1,llm_hallucination_simulation
mock-lodash-validator,1,llm_hallucination_simulation
chui,1,llm_hallucination_simulation
app-vue,1,llm_hallucination_simulation
app-dotenv-api,1,llm_hallucination_simulation
node-log-lodash,1,llm_hallucination_simulation
jqhery,1,llm_hallucination_simulation
web-sequelize-lib,1,llm_hallucination_simulation
stream-chalk-api,1,llm_hallucination_simulation
web-sequelize-client,1,llm_hallucination_simulation
data-jquery-core,1,llm_hallucination_simulation
log-axios-helper,1,llm_hallucination_simulation
app-webpack-validator,1,llm_hallucination_simulation
re-dis,1,llm_hallucination_simulation
config-esbuild-builder,1,llm_hallucination_simulation
config-passport-helper,1,llm_hallucination_simulation
auth-socket-api,1,llm_hallucination_simulation
node-web-webpack-builder,1,llm_hallucination_simulation
file-nest,1,llm_hallucination_simulation
web-axios-server,1,llm_hallucination_simulation
chalkk,1,llm_hallucination_simulation
cache-rollup,1,llm_hallucination_simulation
log-prisma-utils,1,llm_hallucination_simulation
config-react,1,llm_hallucination_simulation
bcrypt-utils-node,1,llm_hallucination_simulation
@types/cache-jquery-parser,1,llm_hallucination_simulation
cache-commander-parser,1,llm_hallucination_simulation
data-next-utils,1,llm_hallucination_simulation
auth-mocha-lib,1,llm_hallucination_simulation
stream-koa-helper,1,llm_hallucination_simulation
exp-ress,1,llm_hallucination_simulation
jsonwebtoken-helper,1,llm_hallucination_simulation
@types/mock-passport-formatter,1,llm_hallucination_simulation
@types/test-mocha-api,1,llm_hallucination_simulation
http-nest-parser,1,llm_hallucination_simulation
mock-dotenv-lib,1,llm_hallucination_simulation
@types/web-mocha-client,1,llm_hallucination_simulation
angular-service-factory,1,llm_hallucination_simulation
cache-angular-builder,1,llm_hallucination_simulation
node-config-dotenv-utils,1,llm_hallucination_simulation
@types/auth-webpack-utils,1,llm_hallucination_simulation
mock-babel-utils,1,llm_hallucination_simulation
log-socket-client,1,llm_hallucination_simulation
node-http-express-lib,1,llm_hallucination_simulation
data-babel-core,1,llm_hallucination_simulation
@types/app-react,1,llm_hallucination_simulation
data-hapi-utils,1,llm_hallucination_simulation
log-next-builder,1,llm_hallucination_simulation
auth-typescript-helper,1,llm_hallucination_simulation
webpack-bundle-helper,1,llm_hallucination_simulation
web-nuxt,1,llm_hallucination_simulation
ax-ios,1,llm_hallucination_simulation
test-webpack-lib,1,llm_hallucination_simulation
node-mock-vite-server,1,llm_hallucination_simulation
http-react,1,llm_hallucination_simulation
@types/file-rollup-builder,1,llm_hallucination_simulation
@types/mock-react-server,1,llm_hallucination_simulation
crypto-chalk-validator,1,llm_hallucination_simulation
mock-vite,1,llm_hallucination_simulation
file-nuxt-client,1,llm_hallucination_simulation
auth-esbuild-server,1,llm_hallucination_simulation
config-commander-api,1,llm_hallucination_simulation
app-next-api,1,llm_hallucination_simulation
app-angular,1,llm_hallucination_simulation
node-config-express-utils,1,llm_hallucination_simulation
cache-sequelize,1,llm_hallucination_simulation
@types/file-axios,1,llm_hallucination_simulation
nyst,1,llm_hallucination_simulation
node-cache-babel-builder,1,llm_hallucination_simulation
node-app-axios-utils,1,llm_hallucination_simulation
eslintt,1,llm_hallucination_simulation
@types/web-typescript-lib,1,llm_hallucination_simulation
pass-port,1,llm_hallucination_simulation
jquery-parser,1,llm_hallucination_simulation
web-jest,1,llm_hallucination_simulation
vite-builder,1,llm_hallucination_simulation
http-chalk-server,1,llm_hallucination_simulation
mong-oose,1,llm_hallucination_simulation
node-config-moment-formatter,1,llm_hallucination_simulation
mock-nuxt-client,1,llm_hallucination_simulation
typescript-builder,1,llm_hallucination_simulation
node-cache-jquery-utils,1,llm_hallucination_simulation
crypto-mocha-lib,1,llm_hallucination_simulation
crypto-nuxt-client,1,llm_hallucination_simulation
wvbpack,1,llm_hallucination_simulation
crypto-jquery-helper,1,llm_hallucination_simulation
app-moment-core,1,llm_hallucination_simulation
typescript-path-resolver,1,llm_hallucination_simulation
http-socket,1,llm_hallucination_simulation
@types/test-koa-parser,1,llm_hallucination_simulation
@types/data-typescript,1,llm_hallucination_simulation
config-jest,1,llm_hallucination_simulation
node-http-prisma-client,1,llm_hallucination_simulation
moment-timezone-utils,1,llm_hallucination_simulation
next-builder,1,llm_hallucination_simulation
node-mock-lodash-parser,1,llm_hallucination_simulation
@types/http-lodash-api,1,llm_hallucination_simulation
test-vite-parser,1,llm_hallucination_simulation
mock-vue-api,1,llm_hallucination_simulation
@types/app-axios-lib,1,llm_hallucination_simulation
vite-formatter,1,llm_hallucination_simulation
stream-lodash-validator,1,llm_hallucination_simulation
file-socket-validator,1,llm_hallucination_simulation
prismaa,1,llm_hallucination_simulation
cache-eslint,1,llm_hallucination_simulation
node-test-sequelize-server,1,llm_hallucination_simulation
cache-nuxt-formatter,1,llm_hallucination_simulation
node-log-next-parser,1,llm_hallucination_simulation
@types/auth-jquery-helper,1,llm_hallucination_simulation
nukt,1,llm_hallucination_simulation
stream-mocha,1,llm_hallucination_simulation
@types/data-dotenv-builder,1,llm_hallucination_simulation
file-mongoose-helper,1,llm_hallucination_simulation
config-angular-utils,1,llm_hallucination_simulation
mock-fastify-formatter,1,llm_hallucination_simulation
auth-vite-utils,1,llm_hallucination_simulation
web-typescript-validator,1,llm_hallucination_simulation
npm-package-validator,1,llm_hallucination_simulation
node-cache-eslint-core,1,llm_hallucination_simulation
config-redis-api,1,llm_hallucination_simulation
@types/app-vite-core,1,llm_hallucination_simulation
@types/mock-esbuild,1,llm_hallucination_simulation
log-axios,1,llm_hallucination_simulation
@types/mock-mocha-core,1,llm_hallucination_simulation
auth-babel-lib,1,llm_hallucination_simulation
http-jquery,1,llm_hallucination_simulation
@types/data-jest-formatter,1,llm_hallucination_simulation
file-axios-api,1,llm_hallucination_simulation
node-cache-fastify-helper,1,llm_hallucination_simulation
config-socket,1,llm_hallucination_simulation
auth-nuxt-parser,1,llm_hallucination_simulation
config-express,1,llm_hallucination_simulation
@types/http-axios,1,llm_hallucination_simulation
hapi-formatter,1,llm_hallucination_simulation
@types/http-chai-core,1,llm_hallucination_simulation
web-moment-validator,1,llm_hallucination_simulation
app-dotenv-validator,1,llm_hallucination_simulation
fs-async-helper,1,llm_hallucination_simulation
mock-rollup-api,1,llm_hallucination_simulation
@types/crypto-passport-client,1,llm_hallucination_simulation
node-file-webpack-builder,1,llm_hallucination_simulation
test-babel-builder,1,llm_hallucination_simulation
esbdild,1,llm_hallucination_simulation
node-config-mongoose-lib,1,llm_hallucination_simulation
reactt,1,llm_hallucination_simulation
@types/cache-vue-parser,1,llm_hallucination_simulation
mock-mongoose-builder,1,llm_hallucination_simulation
node-http-nuxt-validator,1,llm_hallucination_simulation
jqueryy,1,llm_hallucination_simulation
file-webpack-server,1,llm_hallucination_simulation
node-crypto-angular-parser,1,llm_hallucination_simulation
acgular,1,llm_hallucination_simulation
node-http-babel-lib,1,llm_hallucination_simulation
slquelize,1,llm_hallucination_simulation
web-express-validator,1,llm_hallucination_simulation
mock-fastify-api,1,llm_hallucination_simulation
log-webpack-parser,1,llm_hallucination_simulation
koa-helper,1,llm_hallucination_simulation
app-socket-server,1,llm_hallucination_simulation
nu-xt,1,llm_hallucination_simulation
node-file-redis-core,1,llm_hallucination_simulation
file-vite-server,1,llm_hallucination_simulation
node-cache-chai-parser,1,llm_hallucination_simulation
log-fastify-formatter,1,llm_hallucination_simulation
@types/config-babel-client,1,llm_hallucination_simulation
stream-prisma-builder,1,llm_hallucination_simulation
mock-prisma-parser,1,llm_hallucination_simulation
test-dotenv-validator,1,llm_hallucination_simulation
comm-ander,1,llm_hallucination_simulation
node-crypto-mocha-validator,1,llm_hallucination_simulation
cache-webpack-validator,1,llm_hallucination_simulation
@types/mock-jest,1,llm_hallucination_simulation
node-file-jest-lib,1,llm_hallucination_simulation
log-jest-api,1,llm_hallucination_simulation
http-fastify-core,1,llm_hallucination_simulation
rimraf-async,1,llm_hallucination_simulation
http-fastify-builder,1,llm_hallucination_simulation
cache-chalk,1,llm_hallucination_simulation
node-file-chai,1,llm_hallucination_simulation
pri-sma,1,llm_hallucination_simulation
crypto-nest-validator,1,llm_hallucination_simulation
nest-helper,1,llm_hallucination_simulation
momentt,1,llm_hallucination_simulation
fastsfy,1,llm_hallucination_simulation
mock-esbuild-lib,1,llm_hallucination_simulation
config-esbuild,1,llm_hallucination_simulation
node-log-sequelize-helper,1,llm_hallucination_simulation
crypto-dotenv-server,1,llm_hallucination_simulation
jquery-dom-helpers,1,llm_hallucination_simulation
http-sequelize-utils,1,llm_hallucination_simulation
log-eslint-core,1,llm_hallucination_simulation
@types/test-jest-builder,1,llm_hallucination_simulation
app-express-builder,1,llm_hallucination_simulation
stream-jest-server,1,llm_hallucination_simulation
@types/file-nest-server,1,llm_hallucination_simulation
@types/log-webpack-server,1,llm_hallucination_simulation
node-mock-mongoose-formatter,1,llm_hallucination_simulation
config-mocha-api,1,llm_hallucination_simulation
data-nest-lib,1,llm_hallucination_simulation
http-fastify-helper,1,llm_hallucination_simulation
node-config-fastify,1,llm_hallucination_simulation
node-cache-passport-builder,1,llm_hallucination_simulation
config-redis,1,llm_hallucination_simulation
stream-transform-pipe,1,llm_hallucination_simulation
@types/mock-nuxt,1,llm_hallucination_simulation
@types/app-hapi,1,llm_hallucination_simulation
web-jquery-parser,1,llm_hallucination_simulation
express,1,llm_hallucination_simulation
stream-next-server,1,llm_hallucination_simulation
node-app-chai-validator,1,llm_hallucination_simulation
crypto-express-validator,1,llm_hallucination_simulation
@types/cache-vue-validator,1,llm_hallucination_simulation
test-react,1,llm_hallucination_simulation
http-jquery-validator,1,llm_hallucination_simulation
esl-int,1,llm_hallucination_simulation
montoose,1,llm_hallucination_simulation
config-lodash-builder,1,llm_hallucination_simulation
config-rollup-formatter,1,llm_hallucination_simulation
@types/test-webpack-builder,1,llm_hallucination_simulation
app-koa,1,llm_hallucination_simulation
auth-lodash-core,1,llm_hallucination_simulation
@types/config-redis,1,llm_hallucination_simulation
web-chalk-client,1,llm_hallucination_simulation
@types/test-babel-server,1,llm_hallucination_simulation
mkdirp-promise,1,llm_hallucination_simulation
web-fastify-core,1,llm_hallucination_simulation
app-vite-validator,1,llm_hallucination_simulation
data-jquery-validator,1,llm_hallucination_simulation
config-socket-helper,1,llm_hallucination_simulation
test-webpack-validator,1,llm_hallucination_simulation
jqu-ery,1,llm_hallucination_simulation
file-eslint-api,1,llm_hallucination_simulation
ha-pi,1,llm_hallucination_simulation
ang-ular,1,llm_hallucination_simulation
log-esbuild,1,llm_hallucination_simulation
crypto-babel-lib,1,llm_hallucination_simulation
@types/stream-express-helper,1,llm_hallucination_simulation
eslint,1,llm_hallucination_simulation
commanwer,1,llm_hallucination_simulation
ne-st,1,llm_hallucination_simulation
log-mocha,1,llm_hallucination_simulation
app-lodash-builder,1,llm_hallucination_simulation
stream-koa-core,1,llm_hallucination_simulation
nextt,1,llm_hallucination_simulation
@types/app-typescript,1,llm_hallucination_simulation
express-middleware-chain,1,llm_hallucination_simulation
babell,1,llm_hallucination_simulation
vite-core,1,llm_hallucination_simulation
file-mocha-helper,1,llm_hallucination_simulation
ch-alk,1,llm_hallucination_simulation
vue-parser,1,llm_hallucination_simulation
stream-mongoose-server,1,llm_hallucination_simulation
@types/mock-chai-server,1,llm_hallucination_simulation
@types/config-koa-helper,1,llm_hallucination_simulation
config-mocha,1,llm_hallucination_simulation
crypto-redis-helper,1,llm_hallucination_simulation
@types/mock-next,1,llm_hallucination_simulation
auth-sequelize,1,llm_hallucination_simulation
test-moment-client,1,llm_hallucination_simulation
sequelize,1,llm_hallucination_simulation
web-chalk,1,llm_hallucination_simulation
yup-validator-helper,1,llm_hallucination_simulation
web-next-api,1,llm_hallucination_simulation
crypto-vue-helper,1,llm_hallucination_simulation
sequelizee,1,llm_hallucination_simulation
node-http-vite-helper,1,llm_hallucination_simulation
hapii,1,llm_hallucination_simulation
mock-rollup-client,1,llm_hallucination_simulation
node-data-vue-utils,1,llm_hallucination_simulation
ch-ai,1,llm_hallucination_simulation
app-typescript-formatter,1,llm_hallucination_simulation
eslint-core,1,llm_hallucination_simulation
mocha-core,1,llm_hallucination_simulation
dot-env,1,llm_hallucination_simulation
node-cache-nuxt-server,1,llm_hallucination_simulation
passrort,1,llm_hallucination_simulation
@types/config-next-formatter,1,llm_hallucination_simulation
@types/http-babel-parser,1,llm_hallucination_simulation
axios-retry-handler,1,llm_hallucination_simulation
cors-config-express,1,llm_hallucination_simulation
auth-rollup,1,llm_hallucination_simulation
node-web-nest-core,1,llm_hallucination_simulation
@types/mock-fastify-api,1,llm_hallucination_simulation
vue-client,1,llm_hallucination_simulation
node-stream-lodash,1,llm_hallucination_simulation
node-http-next-lib,1,llm_hallucination_simulation
data-commander-formatter,1,llm_hallucination_simulation
stream-chalk-formatter,1,llm_hallucination_simulation
typescrbpt,1,llm_hallucination_simulation
node-mock-mocha-api,1,llm_hallucination_simulation
data-socket-core,1,llm_hallucination_simulation
@types/app-rollup-client,1,llm_hallucination_simulation
app-esbuild-core,1,llm_hallucination_simulation
crypto-nuxt-server,1,llm_hallucination_simulation
re-act,1,llm_hallucination_simulation
cache-hapi,1,llm_hallucination_simulation
config-next-lib,1,llm_hallucination_simulation
ne-xt,1,llm_hallucination_simulation
@types/app-fastify-parser,1,llm_hallucination_simulation
express-auth-middleware,1,llm_hallucination_simulation
koaa,1,llm_hallucination_simulation
angularr,1,llm_hallucination_simulation
uuid-generator-v2,1,llm_hallucination_simulation
pmisma,1,llm_hallucination_simulation
node-web-mocha-api,1,llm_hallucination_simulation
app-eslint,1,llm_hallucination_simulation
log-prisma-server,1,llm_hallucination_simulation
mock-hapi,1,llm_hallucination_simulation
vue-composition-extras,1,llm_hallucination_simulation
crypto-socket-formatter,1,llm_hallucination_simulation
rediss,1,llm_hallucination_simulation
crypto-sequelize,1,llm_hallucination_simulation
auth-webpack,1,llm_hallucination_simulation
@types/test-esbuild-validator,1,llm_hallucination_simulation
vuee,1,llm_hallucination_simulation
auth-chalk-server,1,llm_hallucination_simulation
http-vue-utils,1,llm_hallucination_simulation
esbuildd,1,llm_hallucination_simulation
node-log-react-formatter,1,llm_hallucination_simulation
cache-axios-utils,1,llm_hallucination_simulation
mock-mongoose,1,llm_hallucination_simulation
lod-ash,1,llm_hallucination_simulation
@types/log-typescript-core,1,llm_hallucination_simulation
v-ue,1,llm_hallucination_simulation
web-chai-core,1,llm_hallucination_simulation
webpackk,1,llm_hallucination_simulation
node-crypto-express-formatter,1,llm_hallucination_simulation
config-react-helper,1,llm_hallucination_simulation
app-passport-validator,1,llm_hallucination_simulation
app-esbuild-api,1,llm_hallucination_simulation
jmst,1,llm_hallucination_simulation
http-nuxt-lib,1,llm_hallucination_simulation
http-lodash-server,1,llm_hallucination_simulation
node-data-passport-client,1,llm_hallucination_simulation
@types/data-nuxt-core,1,llm_hallucination_simulation
node-auth-lodash-parser,1,llm_hallucination_simulation
@types/crypto-koa,1,llm_hallucination_simulation
mock-nuxt-lib,1,llm_hallucination_simulation
crypto-commander-client,1,llm_hallucination_simulation
log-koa,1,llm_hallucination_simulation
mock-redis-api,1,llm_hallucination_simulation
dotehv,1,llm_hallucination_simulation
dotenvv,1,llm_hallucination_simulation
config-mocha-helper,1,llm_hallucination_simulation
@types/cache-next-validator,1,llm_hallucination_simulation
@types/config-prisma-server,1,llm_hallucination_simulation
auth-next-lib,1,llm_hallucination_simulation
sockett,1,llm_hallucination_simulation
node-cache-babel-helper,1,llm_hallucination_simulation
sequ-elize,1,llm_hallucination_simulation
node-moment-core,1,llm_hallucination_simulation
node-cache-fastify-formatter,1,llm_hallucination_simulation
cache-angular-core,1,llm_hallucination_simulation
http-sequelize-helper,1,llm_hallucination_simulation
config-nest,1,llm_hallucination_simulation
@types/dotenv-builder,1,llm_hallucination_simulation
log-eslint-validator,1,llm_hallucination_simulation
fas-tify,1,llm_hallucination_simulation
@types/crypto-lodash-helper,1,llm_hallucination_simulation
crypto-babel-builder,1,llm_hallucination_simulation
cache-commander-api,1,llm_hallucination_simulation
auth-commander-builder,1,llm_hallucination_simulation
cache-prisma,1,llm_hallucination_simulation
@types/cache-express-formatter,1,llm_hallucination_simulation
crypto-dotenv-core,1,llm_hallucination_simulation
rollup-builder,1,llm_hallucination_simulation
node-mock-eslint-api,1,llm_hallucination_simulation
app-socket-utils,1,llm_hallucination_simulation
node-test-rollup-api,1,llm_hallucination_simulation
config-dotenv-lib,1,llm_hallucination_simulation
file-socket-core,1,llm_hallucination_simulation
http-typescript-helper,1,llm_hallucination_simulation
